<?xml version="1.0" encoding="UTF-8"?>
<project-private xmlns="http://www.netbeans.org/ns/project-private/1">
    <editor-bookmarks xmlns="http://www.netbeans.org/ns/editor-bookmarks/2" lastBookmarkId="1">
        <file>
            <url>web/admin_dashboard.html</url>
            <bookmark id="1">
                <name/>
                <line>59</line>
                <key/>
            </bookmark>
        </file>
    </editor-bookmarks>
    <open-files xmlns="http://www.netbeans.org/ns/projectui-open-files/2">
        <group>
            <file>file:/C:/Users/Hp/OneDrive/Documents/NetBeansProjects/vrj_soft_crm_final/web/display_for_remove.jsp</file>
            <file>file:/C:/Users/Hp/OneDrive/Documents/NetBeansProjects/vrj_soft_crm_final/web/admin_dashboard.jsp</file>
            <file>file:/C:/Users/Hp/OneDrive/Documents/NetBeansProjects/vrj_soft_crm_final/web/display_client_payment_entry_admin.jsp</file>
            <file>file:/C:/Users/Hp/OneDrive/Documents/NetBeansProjects/vrj_soft_crm_final/web/display_for_update.jsp</file>
            <file>file:/C:/Users/Hp/OneDrive/Documents/NetBeansProjects/vrj_soft_crm_final/web/loginCheck.jsp</file>
            <file>file:/C:/Users/Hp/OneDrive/Documents/NetBeansProjects/vrj_soft_crm_final/web/employee_payment_entry.html</file>
            <file>file:/C:/Users/Hp/OneDrive/Documents/NetBeansProjects/vrj_soft_crm_final/web/logout.html</file>
            <file>file:/C:/Users/Hp/OneDrive/Documents/NetBeansProjects/vrj_soft_crm_final/web/index.html</file>
            <file>file:/C:/Users/Hp/OneDrive/Documents/NetBeansProjects/vrj_soft_crm_final/web/add_ticketing.jsp</file>
            <file>file:/C:/Users/Hp/OneDrive/Documents/NetBeansProjects/vrj_soft_crm_final/web/display_employee_payment_entry.jsp</file>
            <file>file:/C:/Users/Hp/OneDrive/Documents/NetBeansProjects/vrj_soft_crm_final/web/employee_dashboard.jsp</file>
            <file>file:/C:/Users/Hp/OneDrive/Documents/NetBeansProjects/vrj_soft_crm_final/web/logout.jsp</file>
            <file>file:/C:/Users/Hp/OneDrive/Documents/NetBeansProjects/vrj_soft_crm_final/web/display_client_payment_entry.jsp</file>
            <file>file:/C:/Users/Hp/OneDrive/Documents/NetBeansProjects/vrj_soft_crm_final/web/add_ticketing.html</file>
            <file>file:/C:/Users/Hp/OneDrive/Documents/NetBeansProjects/vrj_soft_crm_final/web/client_payment_entry.html</file>
        </group>
    </open-files>
</project-private>
